{
  "pole_data": {
      "prefix": "수도권용",
      "터널": [947, 946],
      "토공": [544, 545],
      "교량":
        {
          "직선": [556, 557],
          "곡선": [562, 563]
        }
    },
  "airjoint_fitting_data": {
    "prefix": "수도권용",
    "에어조인트": 499,
    "FLAT": [1292, 1292],
    "곡선당김금구": [1293, 1294]
  },
  "mast_data": {
    "prefix": "수도권용",
    "토공": [1370, "P-10\"x7t-9m"],
    "교량": [1376, "P-12\"x7t-8.5m"],
    "터널": [1400, "터널하수강"]
  },
  "pole_gauge":{ "토공": -3, "교량": -3.5, "터널": 2.1 },
  "airjoint_bracket_data" :
  {
    "prefix": "수도권용",
    "터널": [941, 942],
    "토공": [1252, 1253],
    "교량": [1254, 1255]
  },
  "F_bracket_data" :
  {
    "prefix": "수도권용",
    "터널": [1330, 1330],
    "토공": [1253, 1253],
    "교량": [1255, 1255]
  },
  "bracket_coordinates":
  {
    "F형_시점": [-0.35, 0.3],
    "AJ형_시점": [-0.15, 0],
    "AJ형_중간1":  [-0.15, 0],
    "AJ형_중간2": [0.15, 0],
    "AJ형_끝": [0.15, 0],
    "F형_끝": [0.35, 0.3]
    },
    "feeder_insulator_idx":
    {"prefix": "수도권용",
    "토공": 1234,
    "교량": 1234,
    "터널": 1249
    },
    "spreader_idx":{
      "prefix": "수도권용",
      "토공": [531, 532],
      "교량": [534, 535],
      "터널": [537, 538]
  },
  "wire_offset":{
    "AF":{
    "prefix": "수도권용",
      "토공": [-1.637, 7.228381],
      "교량": [-2.137, 7.228381],
      "터널": [-1.919, 5.479]
    },
    "FPW":{
      "prefix": "수도권용",
      "토공": [-3.239, 4.89],
      "교량": [-3.7397, 4.89],
      "터널": [2.049, 5.559]
    }
  },
  "span_data":{
    "prefix": "수도권용",
      "토공": [592, 593, 594, 595],
      "교량": [592, 593, 594, 595],
      "터널": [614, 615, 616, 617]
  },
  "span_index_mapping": {
    "45": [0, "경간 45m", 1236, 1241],
    "50": [1, "경간 50m", 1237, 1242],
    "55": [2, "경간 55m", 1238, 1243],
    "60": [3, "경간 60m", 1239, 1244]
  },
    "inactive_contact_wire": {
      "40": 1257,
      "45": 1258,
      "50": 1259,
      "55": 1260,
      "60": 1261
    },
    "inactive_messenger_wire": {
      "40": 1262,
      "45": 1263,
      "50": 1264,
      "55": 1265,
      "60": 1266
    },
    "contact_height_dictionary": {
      "custom": {
        "토공": [0.96, 5.2],
        "교량": [0.96, 5.2],
        "터널": [0.71, 5]

      }
    }
}