{
  "span_list":[40,45,50,55,60],
  "pole_data": {
      "prefix": "수도권용",
      "터널": [649, 650],
      "토공": [1252, 1253],
      "교량":
        {
          "직선": [1254, 1255],
          "곡선": [631, 632]
        }
    },
  "airjoint_fitting_data": {
    "에어조인트": 499,
    "FLAT": [1292, 1292],
    "곡선당김금구": [1293, 1294]
  },
  "mast_data": {
    "토공": [1370, "P-10\"x7t-9m"],
    "교량": [1376, "P-12\"x7t-8.5m"],
    "터널": [1400, "터널하수강"]
  },
  "pole_gauge":{ "토공": -3, "교량": -3.5, "터널": 2.1 },
  "airjoint_bracket_data" :
  {
    "터널": [941, 942],
    "토공": [629, 630],
    "교량": [631, 632]
  },
  "F_bracket_data" :
  {
    "터널": [1327, 1327],
    "토공": [629, 630],
    "교량": [631, 632]
  },
  "bracket_coordinates":{
    "F형_시점": [-0.35, 0.3],
    "AJ형_시점": [-0.15, 0],
    "AJ형_중간1":  [-0.15, 0],
    "AJ형_중간2": [0.15, 0],
    "AJ형_끝": [0.15, 0],
    "F형_끝": [0.35, 0.3]
  },"f_bracket_height":0.3,
    "feeder_insulator_idx":{
    "토공": 1234,
    "교량": 1234,
    "터널": 1249
    },
    "spreader_idx":{
      "토공": [531, 532],
      "교량": [534, 535],
      "터널": [537, 538]
  },
  "wire_offset":{
    "AF":{
      "토공": [-1.637, 7.228381],
      "교량": [-2.137, 7.228381],
      "터널": [-1.919, 5.479]
    },
    "FPW":{
      "토공": [-3.239, 4.89],
      "교량": [-3.7397, 4.89],
      "터널": [2.049, 5.559]
    }
  },
  "span_data":{
    "전차선": {
      "토공": [591, 592, 593, 594, 595],
      "교량": [591, 592, 593, 594, 595],
      "터널": [613, 614, 615, 616, 617]
    },
    "급전선":[1235, 1236,1237,1238,1239],
    "보호선":[1240, 1241,1242,1243,1244]
  },
    "inactive_contact_wire": {
      "40": 1257,
      "45": 1258,
      "50": 1259,
      "55": 1260,
      "60": 1261
    },
    "inactive_messenger_wire": {
      "40": 1262,
      "45": 1263,
      "50": 1264,
      "55": 1265,
      "60": 1266
    },
    "contact_height_dictionary": {
        "토공": [0.96, 5.2],
        "교량": [0.96, 5.2],
        "터널": [0.71, 5]
    }
}