{
  "span_list":[45,50,55,60],
  "pole_data": {
      "prefix": "Cako250",
      "터널": [979, 977],
      "토공": [508, 510],
      "교량":
      {
      "직선": [512, 514],
      "곡선": [527, 529]
    }
  },
  "airjoint_fitting_data": {
      "에어조인트": 1279,
      "FLAT": [1281, 1282],
      "곡선당김금구": [1280, 1283]
  },
  "mast_data": {
    "토공": [1370, "P-10\"x7t-9m"],
    "교량": [1376, "P-12\"x7t-8.5m"],
    "터널": [1400, "터널하수강"]
  },
  "pole_gauge":{ "토공": -3, "교량": -3.5, "터널": 2.1 },
  "airjoint_bracket_data" :
  {
    "prefix": "Cako250",
      "터널": [1325, 1326],
      "토공": [1296, 1297],
      "교량": [1298, 1299]
  },
  "F_bracket_data" :
  {
    "prefix": "Cako250",
    "터널": [1290, 1291],
    "토공": [1284, 1285],
    "교량": [1286, 1287]
  },
  "bracket_coordinates":
  {
    "F형_시점": [-0.3, 0.32],
    "AJ형_시점": [-0.1, 0],
    "AJ형_중간1":  [-0.1, 0],
    "AJ형_중간2": [0.1, 0],
    "AJ형_끝": [0.1, 0],
    "F형_끝": [0.32, 0.32]
    },"f_bracket_height":0,
    "feeder_insulator_idx":
    {"prefix": "Cako250",
    "토공": 1234,
    "교량": 1234,
    "터널": 1249
    },
    "spreader_idx":{
      "prefix": "Cako250",
      "토공": [531, 532],
      "교량": [534, 535],
      "터널": [537, 538]
  },
  "wire_offset":{
    "AF":{
    "prefix": "Cako250",
      "토공": [-1.637, 7.228381],
      "교량": [-2.137, 7.228381],
      "터널": [-1.919, 5.479]
    },
    "FPW":{
      "prefix": "Cako250",
      "토공": [-3.239, 4.89],
      "교량": [-3.7397, 4.89],
      "터널": [2.049, 5.559]
    }
  },
  "span_data":{
    "전차선": {
      "토공": [484, 478, 485, 479],
      "교량": [484, 478, 485, 479],
      "터널": [494, 495, 496, 497]
  },
  "급전선":[1236,1237,1238,1239],
  "보호선":[1241,1242,1243,1244]
  },
    "inactive_contact_wire": {
      "40": 1257,
      "45": 1258,
      "50": 1259,
      "55": 1260,
      "60": 1261
    },
    "inactive_messenger_wire": {
      "40": 1262,
      "45": 1263,
      "50": 1264,
      "55": 1265,
      "60": 1266
    },
    "contact_height_dictionary": {
        "토공": [1.2, 5.2],
        "교량": [1.2, 5.2],
        "터널": [0.85, 5]
    }
}