{
  "span_list":[45,50,55,60],
  "design_speed":250,
  "prefix": "Cako250",
  "pole_data": {
      "터널": {
          "직선": [647, 648],
          "곡선": [627, 628]
        },
      "토공":
        {
          "직선": [641, 642],
          "곡선": [623, 624]
        },
      "교량":
        {
          "직선": [643, 644],
          "곡선": [625, 626]
        }
  },
  "bracket_fitting_data": {
    "전차선지지금구": {
      "무효인상용":1282 },
    "조가선지지금구":{
      "일반용":null ,
      "에어조인트용":1279 ,
      "무효인상용":1281 
      },
    "곡선당김금구":{
      "I":[1280,1283],
      "O":[1280,1283],
      "F":[null,null]
      }
    },
  "mast_data": {
    "토공": 1370,
    "교량": 1376,
    "터널": 1400
  },
  "pole_gauge":{ "토공": 3, "교량": 3.5, "터널": 2.1 },
  "airjoint_bracket_data" :
  {
      "터널": [1325, 1326],
      "토공": [1296, 1297],
      "교량": [1298, 1299]
  },
  "F_bracket_data" :
  {
    "터널": [1290, 1291],
    "토공": [1284, 1285],
    "교량": [1286, 1287]
  },
  "bracket_coordinates":
  {
    "F형_시점": [0.3, 0.32],
    "AJ형_시점": [0.1, 0],
    "AJ형_중간1":  [0.1, 0],
    "AJ형_중간2": [0.1, 0],
    "AJ형_끝": [0.1, 0],
    "F형_끝": [0.3, 0.32]
    },"f_bracket_height":0,
    "feeder_insulator_idx":
    {
    "토공": 1234,
    "교량": 1234,
    "터널": 1249
    },
    "spreader_idx":{
      "토공": [531, 532],
      "교량": [534, 535],
      "터널": [537, 538]
  },
  "wire_offset":{
    "AF":{
      "토공": [1.637, 7.228381],
      "교량": [2.137, 7.228381],
      "터널": [1.919, 5.479]
    },
    "FPW":{
      "토공": [3.239, 4.89],
      "교량": [3.7397, 4.89],
      "터널": [2.049, 5.559]
    }
  },
  "span_data":{
    "전차선": {
      "토공": [484, 478, 485, 479],
      "교량": [484, 478, 485, 479],
      "터널": [494, 495, 496, 497]
  },
  "급전선":[1236,1237,1238,1239],
  "보호선":[1241,1242,1243,1244],
  "무효전차선":[1257,1258,1259,1260,1261],
  "무효조가선":[1262,1263,1264,1265,1266]
  },
  "contact_height_dictionary": {
    "토공": [1.2, 5.2],
    "교량": [1.2, 5.2],
    "터널": [0.85, 5]
    }
}