{
  "span_list":[35,40,45,50,55,60],
  "design_speed":150,
  "prefix": "수도권용",
  "pole_data": {
      "터널": {
          "직선": [649, 650],
          "곡선": [633, 634]
        },
      "토공":
        {
          "직선": [1252, 1253],
          "곡선": [629, 630]
        },
      "교량":
        {
          "직선": [1254, 1255],
          "곡선": [631, 632]
        }
      },
  "bracket_fitting_data": {
    "전차선지지금구": {
      "무효인상용":null },
    "조가선지지금구":{
      "일반용":null ,
      "에어조인트용":null ,
      "무효인상용":null 
      },
    "곡선당김금구":{
      "I":[1293,1294],
      "O":[599,609],
      "F":[303,1292]
      }
    },
  "mast_data": {
    "토공": 1370,
    "교량": 1376,
    "터널": 1400
  },
  "pole_gauge":{ "토공": 3, "교량": 3.5, "터널": 2.15 },
  "airjoint_bracket_data" :
  {
    "터널": [633, 634],
    "토공": [629, 630],
    "교량": [631, 632]
  },
  "F_bracket_data" :
  {
    "터널": [634, 634],
    "토공": [630, 630],
    "교량": [632, 632]
  },
  "bracket_coordinates":{
    "F형_시점": [0.35, 0.3],
    "AJ형_시점": [0.15, 0],
    "AJ형_중간1":  [0.15, 0],
    "AJ형_중간2": [0.15, 0],
    "AJ형_끝": [0.15, 0],
    "F형_끝": [0.35, 0.3]
  },"f_bracket_height":0.3,
    "feeder_insulator_idx":{
    "토공": 1234,
    "교량": 1234,
    "터널": 1249
    },
    "spreader_idx":{
      "토공": [531, 532],
      "교량": [534, 535],
      "터널": [537, 538]
  },
  "wire_offset":{
    "AF":{
      "토공": [1.637, 7.228381],
      "교량": [2.137, 7.228381],
      "터널": [1.919, 5.479]
    },
    "FPW":{
      "토공": [3.239, 4.89],
      "교량": [3.7397, 4.89],
      "터널": [2.3, 4.89]
    }
  },
  "span_data":{
    "전차선": {
      "토공": [596, 591, 592, 593, 594, 595],
      "교량": [596, 591, 592, 593, 594, 595],
      "터널": [612, 613, 614, 615, 616, 617]
    },
    "급전선":[660, 1235, 1236,1237,1238,1239],
    "보호선":[664, 1240, 1241,1242,1243,1244],
    "무효전차선":[665, 1257,1258,1259,1260,1261],
    "무효조가선":[672, 1262,1263,1264,1265,1266]
    },
    "contact_height_dictionary": {
        "토공": [0.96, 5.2],
        "교량": [0.96, 5.2],
        "터널": [0.71, 5]
    }
}